<?xml version="1.0" encoding="UTF-8"?>
<project-private xmlns="http://www.netbeans.org/ns/project-private/1">
    <editor-bookmarks xmlns="http://www.netbeans.org/ns/editor-bookmarks/2" lastBookmarkId="0"/>
    <open-files xmlns="http://www.netbeans.org/ns/projectui-open-files/2">
        <group>
            <file>file:/C:/Users/emanu/OneDrive/Documentos/GitHub/Compiladores6to/Repositorio_Trabajos_Tesis/web/AltaCarreras.xhtml</file>
            <file>file:/C:/Users/emanu/OneDrive/Documentos/GitHub/Compiladores6to/Repositorio_Trabajos_Tesis/web/styles.css</file>
            <file>file:/C:/Users/emanu/OneDrive/Documentos/GitHub/Compiladores6to/Repositorio_Trabajos_Tesis/web/AltaAlumnos.xhtml</file>
            <file>file:/C:/Users/emanu/OneDrive/Documentos/GitHub/Compiladores6to/Repositorio_Trabajos_Tesis/src/java/Bean/alumnosBean.java</file>
        </group>
    </open-files>
</project-private>
