<?xml version="1.0"?>
<!DOCTYPE hibernate-mapping PUBLIC "-//Hibernate/Hibernate Mapping DTD 3.0//EN"
"http://www.hibernate.org/dtd/hibernate-mapping-3.0.dtd">
<!-- Generated 18/03/2024 12:13:22 PM by Hibernate Tools 4.3.1 -->
<hibernate-mapping>
    <class name="Modelo.Carreras" table="carreras" catalog="tesis" optimistic-lock="version">
        <id name="carrera" type="string">
            <column name="Carrera" length="45" />
            <generator class="assigned" />
        </id>
        <property name="generacion" type="string">
            <column name="Generacion" length="20" unique="true" />
        </property>
        <set name="profesors" table="profesor" inverse="true" lazy="true" fetch="select">
            <key>
                <column name="Carrera" length="45" />
            </key>
            <one-to-many class="Modelo.Profesor" />
        </set>
        <set name="alumnosesForCarrera" table="alumnos" inverse="true" lazy="true" fetch="select">
            <key>
                <column name="Carrera" length="45" />
            </key>
            <one-to-many class="Modelo.Alumnos" />
        </set>
        <set name="alumnosesForGeneracion" table="alumnos" inverse="true" lazy="true" fetch="select">
            <key>
                <column name="Generacion" length="45" />
            </key>
            <one-to-many class="Modelo.Alumnos" />
        </set>
        <set name="trabajosesForGeneracion" table="trabajos" inverse="true" lazy="true" fetch="select">
            <key>
                <column name="Generacion" length="45" />
            </key>
            <one-to-many class="Modelo.Trabajos" />
        </set>
        <set name="trabajosesForCarrera" table="trabajos" inverse="true" lazy="true" fetch="select">
            <key>
                <column name="Carrera" length="45" />
            </key>
            <one-to-many class="Modelo.Trabajos" />
        </set>
    </class>
</hibernate-mapping>
