<?xml version="1.0"?>
<!DOCTYPE hibernate-mapping PUBLIC "-//Hibernate/Hibernate Mapping DTD 3.0//EN"
"http://www.hibernate.org/dtd/hibernate-mapping-3.0.dtd">
<!-- Generated 18/03/2024 12:13:22 PM by Hibernate Tools 4.3.1 -->
<hibernate-mapping>
    <class name="Modelo.Profesor" table="profesor" catalog="tesis" optimistic-lock="version">
        <id name="noCuentaProfesor" type="int">
            <column name="NoCuentaProfesor" />
            <generator class="assigned" />
        </id>
        <many-to-one name="carreras" class="Modelo.Carreras" fetch="select">
            <column name="Carrera" length="45" />
        </many-to-one>
        <property name="nombre" type="string">
            <column name="Nombre" length="45" />
        </property>
        <property name="paterno" type="string">
            <column name="Paterno" length="45" />
        </property>
        <property name="materno" type="string">
            <column name="Materno" length="45" />
        </property>
        <property name="sexo" type="string">
            <column name="Sexo" length="10" />
        </property>
        <property name="celular" type="java.lang.Long">
            <column name="Celular" />
        </property>
        <property name="correoElectronico" type="string">
            <column name="CorreoElectronico" length="60" />
        </property>
        <property name="cedulaProfesional" type="string">
            <column name="CedulaProfesional" length="50" />
        </property>
    </class>
</hibernate-mapping>
