<?xml version="1.0"?>
<!DOCTYPE hibernate-mapping PUBLIC "-//Hibernate/Hibernate Mapping DTD 3.0//EN"
"http://www.hibernate.org/dtd/hibernate-mapping-3.0.dtd">
<!-- Generated 18/03/2024 12:13:22 PM by Hibernate Tools 4.3.1 -->
<hibernate-mapping>
    <class name="Modelo.Trabajos" table="trabajos" catalog="tesis" optimistic-lock="version">
        <id name="idTesis" type="int">
            <column name="IdTesis" />
            <generator class="assigned" />
        </id>
        <many-to-one name="carrerasByGeneracion" class="Modelo.Carreras" fetch="select">
            <column name="Generacion" length="45" />
        </many-to-one>
        <many-to-one name="carrerasByCarrera" class="Modelo.Carreras" fetch="select">
            <column name="Carrera" length="45" />
        </many-to-one>
        <property name="noCuentaAlumno" type="java.lang.Integer">
            <column name="NoCuentaAlumno" />
        </property>
        <property name="noCuentaProfesor" type="java.lang.Integer">
            <column name="NoCuentaProfesor" />
        </property>
        <property name="tema" type="string">
            <column name="Tema" length="50" />
        </property>
        <property name="fechaPresentacion" type="date">
            <column name="FechaPresentacion" length="10" />
        </property>
        <property name="fechaEntrega" type="date">
            <column name="FechaEntrega" length="10" />
        </property>
        <property name="fechaPublicacion" type="date">
            <column name="FechaPublicacion" length="10" />
        </property>
    </class>
</hibernate-mapping>
